{
  "project_info": {
    "project_number": "596390180230",
    "project_id": "facegram-1dc45",
    "storage_bucket": "facegram-1dc45.appspot.com"
  },
  "client": [
    {
      "client_info": {
        "mobilesdk_app_id": "1:596390180230:android:84e0ec4beb5022f654a807",
        "android_client_info": {
          "package_name": "com.example.facegram"
        }
      },
      "oauth_client": [
        {
          "client_id": "596390180230-c39lf5adijnv6c9k4lsuog8f0gbhcktk.apps.googleusercontent.com",
          "client_type": 3
        }
      ],
      "api_key": [
        {
          "current_key": "AIzaSyBg6HjBIlfSTA6bEvdV2oujowga13w9iaM"
        }
      ],
      "services": {
        "appinvite_service": {
          "other_platform_oauth_client": [
            {
              "client_id": "596390180230-c39lf5adijnv6c9k4lsuog8f0gbhcktk.apps.googleusercontent.com",
              "client_type": 3
            }
          ]
        }
      }
    }
  ],
  "configuration_version": "1"
}